Date,Name,Year,Letterboxd URI
2019-09-02,The Godfather Part II,1974,https://boxd.it/2aNq
2019-09-02,Seven Samurai,1954,https://boxd.it/2axi
2019-09-02,12 Angry Men,1957,https://boxd.it/2auI
2019-09-02,Spider-Man: Into the Spider-Verse,2018,https://boxd.it/azpY
2019-09-02,The Empire Strikes Back,1980,https://boxd.it/27Vw
2019-09-02,The Shawshank Redemption,1994,https://boxd.it/2aHi
2019-09-02,The Dark Knight,2008,https://boxd.it/2b0k
2019-09-02,"The Good, the Bad and the Ugly",1966,https://boxd.it/2ape
2019-09-02,Pulp Fiction,1994,https://boxd.it/29Pq
2019-09-02,GoodFellas,1990,https://boxd.it/29FA
2019-09-02,Dave Chappelle: Sticks & Stones,2019,https://boxd.it/n8fy
2019-09-02,The Matrix,1999,https://boxd.it/2a1m
2019-09-02,Spider-Man: Far From Home,2019,https://boxd.it/fegG
2019-09-02,Kill Bill: Vol. 1,2003,https://boxd.it/70w
2019-09-02,It,2017,https://boxd.it/bC8e
2019-09-02,Django Unchained,2012,https://boxd.it/2cCk
2019-10-01,Drive,2011,https://boxd.it/IG
2019-10-01,Once Upon a Time... in Hollywood,2019,https://boxd.it/gH0O
2019-10-01,Shaun of the Dead,2004,https://boxd.it/29J8
2019-10-01,Forrest Gump,1994,https://boxd.it/728
2019-10-01,Whiplash,2014,https://boxd.it/7bQA
2019-10-01,Chernobyl,2019,https://boxd.it/mkbG
2019-10-01,"Extremely Wicked, Shockingly Evil and Vile",2019,https://boxd.it/glCG
2019-10-01,When They See Us,2019,https://boxd.it/kbJU
2019-10-01,Bill Burr: Paper Tiger,2019,https://boxd.it/n93I
2019-10-01,Avengers: Infinity War,2018,https://boxd.it/9vEe
2019-10-01,A Quiet Place,2018,https://boxd.it/fVJQ
2019-10-01,The Favourite,2018,https://boxd.it/d2hI
2019-10-01,A Star Is Born,2018,https://boxd.it/aXgc
2019-10-01,Roma,2018,https://boxd.it/f69M
2019-10-01,Ready Player One,2018,https://boxd.it/aZes
2019-10-01,Mission: Impossible – Fallout,2018,https://boxd.it/bSVc
2019-10-01,Sorry to Bother You,2018,https://boxd.it/f21E
2019-10-01,First Man,2018,https://boxd.it/cPym
2019-10-01,Green Book,2018,https://boxd.it/hErk
2019-10-01,Game Night,2018,https://boxd.it/fRtu
2019-10-01,Black Mirror: Bandersnatch,2018,https://boxd.it/kTDG
2019-10-01,If Beale Street Could Talk,2018,https://boxd.it/gGhu
2019-10-01,Vice,2018,https://boxd.it/fcFY
2019-10-01,Beautiful Boy,2018,https://boxd.it/g76Q
2019-10-01,Under the Silver Lake,2018,https://boxd.it/dSAs
2019-10-01,High Life,2018,https://boxd.it/d6bk
2019-10-01,Blindspotting,2018,https://boxd.it/hDMw
2019-10-01,Free Solo,2018,https://boxd.it/iEEq
2019-10-01,Overlord,2018,https://boxd.it/fAwm
2019-10-01,Bao,2018,https://boxd.it/iEl4
2019-10-01,The Mule,2018,https://boxd.it/idcY
2019-10-01,Outlaw King,2018,https://boxd.it/gcxi
2019-10-01,The Guilty,2018,https://boxd.it/hw9i
2019-10-01,Shutter Island,2010,https://boxd.it/1U82
2019-10-01,The Social Network,2010,https://boxd.it/17ue
2019-10-01,Airplane!,1980,https://boxd.it/29yu
2019-10-01,Alien,1979,https://boxd.it/2awY
2019-10-01,Amadeus,1984,https://boxd.it/2aH8
2019-10-02,The Avengers,2012,https://boxd.it/1xFW
2019-10-02,Back to the Future,1985,https://boxd.it/2b8e
2019-10-02,Casablanca,1942,https://boxd.it/2aG0
2019-10-02,Chinatown,1974,https://boxd.it/29vU
2019-10-02,Die Hard,1988,https://boxd.it/2a7u
2019-10-02,Dr. Strangelove or: How I Learned to Stop Worrying and Love the Bomb,1964,https://boxd.it/29eY
2019-10-02,E.T. the Extra-Terrestrial,1982,https://boxd.it/2a1G
2019-10-02,Enter the Dragon,1973,https://boxd.it/1YCA
2019-10-02,Eternal Sunshine of the Spotless Mind,2004,https://boxd.it/6YK
2019-10-02,The Evil Dead,1981,https://boxd.it/29Go
2019-10-02,Fantasia,1940,https://boxd.it/29HG
2019-10-02,Fargo,1996,https://boxd.it/2aHM
2019-10-02,The Godfather,1972,https://boxd.it/2aNK
2019-10-02,The Great Dictator,1940,https://boxd.it/29ic
2019-10-02,In the Mood for Love,2000,https://boxd.it/29tE
2019-10-02,Jaws,1975,https://boxd.it/2a5e
2019-10-02,Jurassic Park,1993,https://boxd.it/2aA2
2019-10-02,Lawrence of Arabia,1962,https://boxd.it/2wRE
2019-10-02,The Lord of the Rings: The Fellowship of the Ring,2001,https://boxd.it/2b5O
2019-10-02,Metropolis,1927,https://boxd.it/71a
2019-10-02,Monty Python and the Holy Grail,1975,https://boxd.it/29GI
2019-10-02,Moonlight,2016,https://boxd.it/d6bE
2019-10-02,The Princess Bride,1987,https://boxd.it/26EY
2019-10-02,Raiders of the Lost Ark,1981,https://boxd.it/2bbs
2019-10-02,Scream,1996,https://boxd.it/24EC
2019-10-02,The Shining,1980,https://boxd.it/29Nu
2019-10-02,The Silence of the Lambs,1991,https://boxd.it/2aHW
2019-10-02,Snow White and the Seven Dwarfs,1937,https://boxd.it/2arO
2019-10-02,Star Wars,1977,https://boxd.it/72s
2019-10-02,Sunset Boulevard,1950,https://boxd.it/2a20
2019-10-02,The Thing,1982,https://boxd.it/294O
2019-10-02,Toy Story,1995,https://boxd.it/29qA
2019-10-02,Unforgiven,1992,https://boxd.it/6Z4
2019-10-02,Vertigo,1958,https://boxd.it/2apI
2019-10-02,The Wizard of Oz,1939,https://boxd.it/29Xu
2019-10-02,Victoria,2015,https://boxd.it/amSe
2019-10-02,Lost in Translation,2003,https://boxd.it/2b0E
2019-10-02,Lady Bird,2017,https://boxd.it/dGNE
2019-10-02,Call Me by Your Name,2017,https://boxd.it/dYmm
2019-10-02,American Honey,2016,https://boxd.it/bk7C
2019-10-02,Good Time,2017,https://boxd.it/fcFu
2019-10-02,Arrival,2016,https://boxd.it/aNGk
2019-10-02,Ex Machina,2015,https://boxd.it/7T2k
2019-10-02,La Haine,1995,https://boxd.it/2as8
2019-10-02,Mommy,2014,https://boxd.it/7Uau
2019-10-02,You Were Never Really Here,2017,https://boxd.it/dWOS
2019-10-02,Blade Runner 2049,2017,https://boxd.it/b8wK
2019-10-02,Donnie Darko,2001,https://boxd.it/2b2A
2019-10-02,Lost River,2014,https://boxd.it/5cjy
2019-10-02,Memento,2000,https://boxd.it/2bcK
2019-10-02,127 Hours,2010,https://boxd.it/SLa
2019-10-02,Her,2013,https://boxd.it/4O24
2019-10-02,Inside Llewyn Davis,2013,https://boxd.it/34Ro
2019-10-02,Boyhood,2014,https://boxd.it/3178
2019-10-02,The Handmaiden,2016,https://boxd.it/948A
2019-10-02,Black Mirror: San Junipero,2016,https://boxd.it/k4aS
2019-10-02,Heat,1995,https://boxd.it/2bg8
2019-10-02,Interstellar,2014,https://boxd.it/4VZ8
2019-10-02,The Spectacular Now,2013,https://boxd.it/4VSG
2019-10-02,Miami Vice,2006,https://boxd.it/2bbW
2019-10-02,Blade Runner,1982,https://boxd.it/2bcA
2019-10-02,Raw,2016,https://boxd.it/dLd2
2019-10-02,Ferris Bueller's Day Off,1986,https://boxd.it/1YPY
2019-10-02,Akira,1988,https://boxd.it/2b1i
2019-10-02,Once Upon a Time in America,1984,https://boxd.it/2aCs
2019-10-02,There Will Be Blood,2007,https://boxd.it/20Z2
2019-10-02,Se7en,1995,https://boxd.it/29zs
2019-10-02,Stand by Me,1986,https://boxd.it/2aOe
2019-10-02,The Breakfast Club,1985,https://boxd.it/27q4
2019-10-02,Dog Day Afternoon,1975,https://boxd.it/29bg
2019-10-02,Zodiac,2007,https://boxd.it/27MO
2019-10-02,Superbad,2007,https://boxd.it/20hO
2019-10-02,Casino,1995,https://boxd.it/2ads
2019-10-02,Pusher,1996,https://boxd.it/27wG
2019-10-02,Trainspotting,1996,https://boxd.it/29XY
2019-10-02,Reservoir Dogs,1992,https://boxd.it/2agc
2019-10-02,The Lion King,1994,https://boxd.it/201Q
2019-10-02,Full Metal Jacket,1987,https://boxd.it/2a1Q
2019-10-02,True Romance,1993,https://boxd.it/2aBa
2019-10-02,OSS 117: Lost in Rio,2009,https://boxd.it/1LVu
2019-10-02,Die Hard With a Vengeance,1995,https://boxd.it/28zG
2019-10-02,Kill Bill: Vol. 2,2004,https://boxd.it/2au4
2019-10-02,Carlito's Way,1993,https://boxd.it/226e
2019-10-02,No Country for Old Men,2007,https://boxd.it/21ew
2019-10-02,Princess Mononoke,1997,https://boxd.it/2b4w
2019-10-02,Evil Dead II,1987,https://boxd.it/29Ge
2019-10-02,Army of Darkness,1992,https://boxd.it/29G4
2019-10-02,Terminator 2: Judgment Day,1991,https://boxd.it/2aGY
2019-10-02,Shocking Dark,1989,https://boxd.it/7DS
2019-10-02,Predator,1987,https://boxd.it/2b84
2019-10-02,Last Action Hero,1993,https://boxd.it/1YhW
2019-10-02,American Pie,1999,https://boxd.it/27qy
2019-10-02,Starship Troopers,1997,https://boxd.it/2a7k
2019-10-02,Total Recall,1990,https://boxd.it/29qK
2019-10-02,Signs,2002,https://boxd.it/26t2
2019-10-02,The Sixth Sense,1999,https://boxd.it/29Js
2019-10-02,Manhunter,1986,https://boxd.it/1TOw
2019-10-02,Unbreakable,2000,https://boxd.it/1XV2
2019-10-02,The Blair Witch Project,1999,https://boxd.it/26ua
2019-10-02,[REC],2007,https://boxd.it/20ma
2019-10-02,Cloverfield,2008,https://boxd.it/2192
2019-10-02,The Beach,2000,https://boxd.it/27T6
2019-10-02,Home Alone 2: Lost in New York,1992,https://boxd.it/29F6
2019-10-02,Collateral,2004,https://boxd.it/28F0
2019-10-02,Pacific Rim,2013,https://boxd.it/2cB2
2019-10-02,The Terminator,1984,https://boxd.it/2aQY
2019-10-02,Gremlins,1984,https://boxd.it/29gg
2019-10-02,Gremlins 2: The New Batch,1990,https://boxd.it/29g6
2019-10-02,Mad Max 2,1981,https://boxd.it/1ZPg
2019-10-02,Indiana Jones and the Temple of Doom,1984,https://boxd.it/2bb8
2019-10-02,The Wolf of Wall Street,2013,https://boxd.it/3C1m
2019-10-02,The Departed,2006,https://boxd.it/28MA
2019-10-02,Smokin' Aces,2006,https://boxd.it/20Ri
2019-10-02,Scarface,1983,https://boxd.it/2b7g
2019-10-02,Aliens,1986,https://boxd.it/29PA
2019-10-02,Modern Times,1936,https://boxd.it/25MC
2019-10-02,It Follows,2014,https://boxd.it/87wo
2019-10-02,The Girl with the Dragon Tattoo,2011,https://boxd.it/2Pa
2019-10-02,Manchester by the Sea,2016,https://boxd.it/b2L0
2019-10-02,Hell or High Water,2016,https://boxd.it/bfGM
2019-10-02,Ocean's Eleven,2001,https://boxd.it/2aZm
2019-10-02,Good Will Hunting,1997,https://boxd.it/2ahY
2019-10-02,Inglourious Basterds,2009,https://boxd.it/1JzG
2019-10-02,The Grand Budapest Hotel,2014,https://boxd.it/3ZqO
2019-10-02,Gravity,2013,https://boxd.it/GZY
2019-10-02,"Crouching Tiger, Hidden Dragon",2000,https://boxd.it/2b1M
2019-10-02,Ted,2012,https://boxd.it/2pgc
2019-10-02,The Incredibles,2004,https://boxd.it/1XLm
2019-10-02,Anchorman: The Legend of Ron Burgundy,2004,https://boxd.it/1ZVo
2019-10-02,A Prophet,2009,https://boxd.it/1BGE
2019-10-02,Fish Tank,2009,https://boxd.it/1xBg
2019-10-02,The Hurt Locker,2008,https://boxd.it/1Soi
2019-10-02,Gladiator,2000,https://boxd.it/2b9m
2019-10-02,Birdman or (The Unexpected Virtue of Ignorance),2014,https://boxd.it/5RFA
2019-10-02,Mad Max: Fury Road,2015,https://boxd.it/2DjO
2019-10-02,Logan,2017,https://boxd.it/7Piy
2019-10-02,The Martian,2015,https://boxd.it/8SeG
2019-10-02,The Revenant,2015,https://boxd.it/8H5e
2019-10-02,Moonrise Kingdom,2012,https://boxd.it/2Wng
2019-10-02,Kingsman: The Secret Service,2014,https://boxd.it/6dxe
2019-10-02,Prisoners,2013,https://boxd.it/4E5i
2019-10-02,The Nice Guys,2016,https://boxd.it/94Hg
2019-10-02,Buried,2010,https://boxd.it/1tXC
2019-10-02,The Intouchables,2011,https://boxd.it/2FT0
2019-10-02,"Three Billboards Outside Ebbing, Missouri",2017,https://boxd.it/ceBS
2019-10-02,Kubo and the Two Strings,2016,https://boxd.it/a4wE
2019-10-02,Sicario,2015,https://boxd.it/8i7u
2019-10-02,It Comes at Night,2017,https://boxd.it/eLuk
2019-10-02,The Fighter,2010,https://boxd.it/PP4
2019-10-02,Sing Street,2016,https://boxd.it/cOo6
2019-10-02,10 Cloverfield Lane,2016,https://boxd.it/aZiu
2019-10-02,Dallas Buyers Club,2013,https://boxd.it/4O8G
2019-10-02,Creed,2015,https://boxd.it/a2qk
2019-10-02,The Indian in the Cupboard,1995,https://boxd.it/1U2y
2019-10-02,Mission: Impossible,1996,https://boxd.it/29d2
2019-10-02,Star Trek Into Darkness,2013,https://boxd.it/uYE
2019-10-02,Thief,1981,https://boxd.it/1TEc
2019-10-02,Shame,2011,https://boxd.it/2CxU
2019-10-02,Léon: The Professional,1994,https://boxd.it/2b8S
2019-10-02,Dunkirk,2017,https://boxd.it/d0Y6
2019-10-02,The Prestige,2006,https://boxd.it/293w
2019-10-02,Between Two Ferns: The Movie,2019,https://boxd.it/lw9g
2019-10-03,Fantastic Mr. Fox,2009,https://boxd.it/1WyQ
2019-10-03,Iron Man,2008,https://boxd.it/28dA
2019-10-03,WALL·E,2008,https://boxd.it/1VEo
2019-10-03,American Psycho,2000,https://boxd.it/28Vs
2019-10-03,Up,2009,https://boxd.it/1OEc
2019-10-03,The Lord of the Rings: The Return of the King,2003,https://boxd.it/2b5u
2019-10-03,Ratatouille,2007,https://boxd.it/27ww
2019-10-03,Finding Nemo,2003,https://boxd.it/72i
2019-10-03,The Lord of the Rings: The Two Towers,2002,https://boxd.it/2b5E
2019-10-03,Harry Potter and the Prisoner of Azkaban,2004,https://boxd.it/29Qy
2019-10-03,"Monsters, Inc.",2001,https://boxd.it/2a46
2019-10-03,Spider-Man,2002,https://boxd.it/2a8i
2019-10-03,Avatar,2009,https://boxd.it/1Efm
2019-10-03,Oldboy,2003,https://boxd.it/29R2
2019-10-03,Little Miss Sunshine,2006,https://boxd.it/29EW
2019-10-03,Zombieland,2009,https://boxd.it/1En6
2019-10-03,Shrek,2001,https://boxd.it/29zi
2019-10-03,Catch Me If You Can,2002,https://boxd.it/29VS
2019-10-03,Pirates of the Caribbean: The Curse of the Black Pearl,2003,https://boxd.it/70G
2019-10-03,The Hangover,2009,https://boxd.it/1GjK
2019-10-03,Watchmen,2009,https://boxd.it/1QE4
2019-10-03,City of God,2002,https://boxd.it/2a2a
2019-10-03,In Bruges,2008,https://boxd.it/20n8
2019-10-03,X-Men,2000,https://boxd.it/1a7s
2019-10-03,Casino Royale,2006,https://boxd.it/1alk
2019-10-03,District 9,2009,https://boxd.it/1Iik
2019-10-03,Almost Famous,2000,https://boxd.it/29CQ
2019-10-03,Big Fish,2003,https://boxd.it/2a3M
2019-10-03,Into the Wild,2007,https://boxd.it/22m2
2019-10-03,Moon,2009,https://boxd.it/1IGQ
2019-10-03,Snatch,2000,https://boxd.it/2b7U
2019-10-03,X2,2003,https://boxd.it/1a7i
2019-10-03,28 Days Later,2002,https://boxd.it/2aXU
2019-10-03,The Life Aquatic with Steve Zissou,2004,https://boxd.it/2aqw
2019-10-03,Cast Away,2000,https://boxd.it/20i8
2019-10-03,Gangs of New York,2002,https://boxd.it/25FG
2019-10-03,Minority Report,2002,https://boxd.it/2aWi
2019-10-03,The 40 Year Old Virgin,2005,https://boxd.it/21hK
2019-10-03,Sin City,2005,https://boxd.it/2aVk
2019-10-03,Tropic Thunder,2008,https://boxd.it/20WM
2019-10-03,300,2006,https://boxd.it/28XI
2019-10-03,Saw,2004,https://boxd.it/2aWW
2019-10-03,The Aviator,2004,https://boxd.it/26BU
2019-10-03,The Simpsons Movie,2007,https://boxd.it/6YU
2019-10-03,Sweeney Todd: The Demon Barber of Fleet Street,2007,https://boxd.it/1PcS
2019-10-03,Gran Torino,2008,https://boxd.it/1Qzy
2019-10-03,Million Dollar Baby,2004,https://boxd.it/2bdI
2019-10-03,King Kong,2005,https://boxd.it/2aLa
2019-10-03,The Fast and the Furious,2001,https://boxd.it/1XMu
2019-10-03,Bruce Almighty,2003,https://boxd.it/2aCC
2019-10-03,Panic Room,2002,https://boxd.it/2490
2019-10-03,Taken,2008,https://boxd.it/1ZXa
2019-10-03,Step Brothers,2008,https://boxd.it/1SsE
2019-10-03,The Terminal,2004,https://boxd.it/2a2O
2019-10-03,Mystic River,2003,https://boxd.it/2aAG
2019-10-03,The Day After Tomorrow,2004,https://boxd.it/2aog
2019-10-03,The Wrestler,2008,https://boxd.it/1So8
2019-10-03,8 Mile,2002,https://boxd.it/2bew
2019-10-03,Mission: Impossible II,2000,https://boxd.it/29cS
2019-10-03,Walk the Line,2005,https://boxd.it/2bdS
2019-10-03,Billy Elliot,2000,https://boxd.it/2bdy
2019-10-03,Kiss Kiss Bang Bang,2005,https://boxd.it/23c8
2019-10-03,Insomnia,2002,https://boxd.it/2aB0
2019-10-03,Scary Movie,2000,https://boxd.it/24CG
2019-10-03,Blood Diamond,2006,https://boxd.it/28Tm
2019-10-03,Sunshine,2007,https://boxd.it/28Xy
2019-10-04,La La Land,2016,https://boxd.it/a5fa
2019-10-04,The Witch,2015,https://boxd.it/9X0m
2019-10-04,Edge of Tomorrow,2014,https://boxd.it/4pD0
2019-10-04,Room,2015,https://boxd.it/7T0y
2019-10-04,Black Swan,2010,https://boxd.it/Sw0
2019-10-04,The Big Short,2015,https://boxd.it/ajZw
2019-10-04,Mud,2012,https://boxd.it/3wPA
2019-10-04,Midnight Special,2016,https://boxd.it/7dmi
2019-10-04,Zero Dark Thirty,2012,https://boxd.it/3n1w
2019-10-04,The Lost City of Z,2016,https://boxd.it/a7jS
2019-10-04,Inception,2010,https://boxd.it/1skk
2019-10-07,Climax,2018,https://boxd.it/ikvo
2019-10-07,Spider-Man: Homecoming,2017,https://boxd.it/aboM
2019-10-08,Phantom of the Paradise,1974,https://boxd.it/1s34
2019-10-18,Parasite,2019,https://boxd.it/hTha
2019-10-18,How to Train Your Dragon: The Hidden World,2019,https://boxd.it/5a9w
2019-10-20,The Founder,2016,https://boxd.it/9XwM
2019-11-01,Train to Busan,2016,https://boxd.it/dSQU
2019-11-01,The Wolverine,2013,https://boxd.it/2CWU
2019-11-02,Midsommar,2019,https://boxd.it/jhxe
2019-11-02,Tucker and Dale vs. Evil,2010,https://boxd.it/Mce
2019-11-02,The Cabin in the Woods,2011,https://boxd.it/1zOc
2019-11-02,Death Proof,2007,https://boxd.it/27GG
2019-11-02,Grindhouse,2007,https://boxd.it/8RwY
2019-11-03,The King,2019,https://boxd.it/ieZs
2019-11-14,Bacurau,2019,https://boxd.it/fSUG
2019-11-19,La Belle Époque,2019,https://boxd.it/lXCE
2019-11-22,The Peanut Butter Falcon,2019,https://boxd.it/gzu2
2019-12-09,Knives Out,2019,https://boxd.it/jWEA
2019-12-14,Marriage Story,2019,https://boxd.it/hJAw
2019-12-16,Jumanji: Welcome to the Jungle,2017,https://boxd.it/bUeE
2019-12-16,The Edge of Seventeen,2016,https://boxd.it/d5nu
2019-12-16,How to Train Your Dragon,2010,https://boxd.it/1WRy
2019-12-16,21 Jump Street,2012,https://boxd.it/J0
2019-12-16,X-Men: First Class,2011,https://boxd.it/FOA
2019-12-16,Green Room,2015,https://boxd.it/a75m
2019-12-16,Kick-Ass,2010,https://boxd.it/1zaQ
2019-12-16,Tangled,2010,https://boxd.it/15gO
2019-12-16,This Is the End,2013,https://boxd.it/3GB4
2019-12-16,Fight Club,1999,https://boxd.it/2a9q
2019-12-16,Toy Story 2,1999,https://boxd.it/29qq
2019-12-16,Star Wars: Episode I – The Phantom Menace,1999,https://boxd.it/27Vc
2019-12-16,Home Alone,1990,https://boxd.it/29Fg
2019-12-16,The Iron Giant,1999,https://boxd.it/1Wow
2019-12-16,Men in Black,1997,https://boxd.it/2a0I
2019-12-16,The Green Mile,1999,https://boxd.it/2agG
2019-12-16,How the Grinch Stole Christmas,2000,https://boxd.it/1ZHQ
2019-12-16,Rush,2013,https://boxd.it/3lyS
2019-12-16,Apollo 13,1995,https://boxd.it/2a6G
2019-12-16,Willow,1988,https://boxd.it/29t0
2019-12-19,The Man Who Shot Liberty Valance,1962,https://boxd.it/1Tdg
2020-01-06,The Irishman,2019,https://boxd.it/dYOq
2020-02-02,Uncut Gems,2019,https://boxd.it/gXGc
2020-02-12,Ford v Ferrari,2019,https://boxd.it/ce74
2020-02-17,Jojo Rabbit,2019,https://boxd.it/iEBG
2020-02-24,mid90s,2018,https://boxd.it/fxIa
2020-02-24,The Farewell,2019,https://boxd.it/kIky
2020-02-24,Hustlers,2019,https://boxd.it/jIBM
2020-03-01,Vampires,1998,https://boxd.it/1XsY
2020-03-10,Honey Boy,2019,https://boxd.it/ixvm
2020-03-28,Waves,2019,https://boxd.it/jpmy
2020-04-05,The Man from U.N.C.L.E.,2015,https://boxd.it/67lG
2020-04-05,The Florida Project,2017,https://boxd.it/dMG0
2020-04-05,Baby Driver,2017,https://boxd.it/bhF2
2020-04-05,Dead Poets Society,1989,https://boxd.it/2aSg
2020-04-05,Eddie the Eagle,2015,https://boxd.it/amAY
2020-04-05,Guardians of the Galaxy,2014,https://boxd.it/3VH2
2020-04-05,Thor: Ragnarok,2017,https://boxd.it/8MHi
2020-04-05,Deadpool,2016,https://boxd.it/9fOC
2020-04-05,Klaus,2019,https://boxd.it/ipoi
2020-04-10,Tiger King,2020,https://boxd.it/pzj2
2020-04-10,The Gentlemen,2019,https://boxd.it/iYBQ
2020-04-12,Anomalisa,2015,https://boxd.it/97TE
2020-04-12,The Truman Show,1998,https://boxd.it/18U8
2020-04-12,The Hateful Eight,2015,https://boxd.it/8gw8
2020-04-12,Titanic,1997,https://boxd.it/2a2k
2020-04-12,The Dark Knight Rises,2012,https://boxd.it/H3m
2020-04-12,Return of the Jedi,1983,https://boxd.it/27Vm
2020-04-12,Ant-Man,2015,https://boxd.it/3vmW
2020-04-12,"I, Tonya",2017,https://boxd.it/dzR0
2020-04-12,Zootopia,2016,https://boxd.it/84xS
2020-04-12,mother!,2017,https://boxd.it/dgRU
2020-04-12,Thor,2011,https://boxd.it/1WQU
2020-04-12,Jurassic World,2015,https://boxd.it/4n0g
2020-04-12,The Imitation Game,2014,https://boxd.it/6aig
2020-04-12,Big Hero 6,2014,https://boxd.it/5rje
2020-04-12,Frozen,2013,https://boxd.it/3GNa
2020-04-12,Skyfall,2012,https://boxd.it/17Fc
2020-04-12,The Lego Movie,2014,https://boxd.it/4pDO
2020-04-12,X-Men: Days of Future Past,2014,https://boxd.it/4aRw
2020-04-12,Man of Steel,2013,https://boxd.it/FRk
2020-04-12,Hacksaw Ridge,2016,https://boxd.it/azew
2020-04-12,Brave,2012,https://boxd.it/bVG
2020-04-12,True Grit,2010,https://boxd.it/Sog
2020-04-12,Rise of the Planet of the Apes,2011,https://boxd.it/cS4
2020-04-12,"Crazy, Stupid, Love.",2011,https://boxd.it/D9A
2020-04-12,Despicable Me,2010,https://boxd.it/1DD8
2020-04-12,American Sniper,2014,https://boxd.it/5LDy
2020-04-12,Mission: Impossible – Ghost Protocol,2011,https://boxd.it/psI
2020-04-12,Darkest Hour,2017,https://boxd.it/dZZa
2020-04-12,Passengers,2016,https://boxd.it/8lFu
2020-04-12,Fury,2014,https://boxd.it/6JwC
2020-04-12,How to Train Your Dragon 2,2014,https://boxd.it/2TRW
2020-04-12,Moneyball,2011,https://boxd.it/glS
2020-04-12,Captain Phillips,2013,https://boxd.it/3GPK
2020-04-12,Loving Vincent,2017,https://boxd.it/biIQ
2020-04-12,Molly's Game,2017,https://boxd.it/dSl8
2020-04-12,The Raid,2011,https://boxd.it/3hBy
2020-04-12,Straight Outta Compton,2015,https://boxd.it/8rMc
2020-04-12,The Artist,2011,https://boxd.it/2AwK
2020-04-12,We're the Millers,2013,https://boxd.it/4srQ
2020-04-12,Incendies,2010,https://boxd.it/Msm
2020-04-12,Megamind,2010,https://boxd.it/16Sk
2020-04-12,Limitless,2011,https://boxd.it/Aly
2020-04-12,TRON: Legacy,2010,https://boxd.it/1Dlo
2020-04-12,Men in Black 3,2012,https://boxd.it/103U
2020-04-12,Chronicle,2012,https://boxd.it/2Emk
2020-04-12,Dope,2015,https://boxd.it/9Tho
2020-04-12,The Town,2010,https://boxd.it/1zyS
2020-04-12,Fast Five,2011,https://boxd.it/BgO
2020-04-12,The Other Guys,2010,https://boxd.it/1rtq
2020-04-12,Chappie,2015,https://boxd.it/5Y3e
2020-04-12,Sinister,2012,https://boxd.it/2TnW
2020-04-12,The Ritual,2017,https://boxd.it/fo0I
2020-04-12,The Raid 2,2014,https://boxd.it/5uz0
2020-04-12,Big Little Lies,2017,https://boxd.it/fYde
2020-04-12,Anchorman 2: The Legend Continues,2013,https://boxd.it/3GNk
2020-04-12,Hotel Transylvania,2012,https://boxd.it/2DF6
2020-04-12,End of Watch,2012,https://boxd.it/2F5O
2020-04-12,Sucker Punch,2011,https://boxd.it/1yYg
2020-04-12,The Babysitter,2017,https://boxd.it/eP1w
2020-04-12,War Dogs,2016,https://boxd.it/9SlO
2020-04-12,Wild,2014,https://boxd.it/6KQo
2020-04-12,The Dictator,2012,https://boxd.it/2DEW
2020-04-12,Everest,2015,https://boxd.it/7r7Q
2020-04-12,The Expendables,2010,https://boxd.it/1rtA
2020-04-12,Scream 4,2011,https://boxd.it/Zmc
2020-04-12,Project X,2012,https://boxd.it/neO
2020-04-12,The Princess and the Frog,2009,https://boxd.it/1WQq
2020-04-12,Bronson,2008,https://boxd.it/1GM8
2020-04-12,Troy,2004,https://boxd.it/29TW
2020-04-12,The Last Samurai,2003,https://boxd.it/29ZA
2020-04-12,Eastern Promises,2007,https://boxd.it/275q
2020-04-12,Charlie's Angels,2000,https://boxd.it/24v6
2020-04-12,Resident Evil,2002,https://boxd.it/28z2
2020-04-12,Apocalypto,2006,https://boxd.it/28yy
2020-04-12,28 Weeks Later,2007,https://boxd.it/28Bi
2020-04-12,Bad Boys II,2003,https://boxd.it/1ZuW
2020-04-12,Monster,2003,https://boxd.it/2afy
2020-04-12,Talladega Nights: The Ballad of Ricky Bobby,2006,https://boxd.it/1XYq
2020-04-12,Pearl Harbor,2001,https://boxd.it/29Q4
2020-04-12,Serenity,2005,https://boxd.it/1Km4
2020-04-12,Volver,2006,https://boxd.it/2aQO
2020-04-12,Lord of War,2005,https://boxd.it/284y
2020-04-12,Saving Private Ryan,1998,https://boxd.it/29ro
2020-04-12,Edward Scissorhands,1990,https://boxd.it/2aZc
2020-04-12,The Nightmare Before Christmas,1993,https://boxd.it/1YzQ
2020-04-12,Groundhog Day,1993,https://boxd.it/2b3e
2020-04-12,The Usual Suspects,1995,https://boxd.it/29XE
2020-04-12,Aladdin,1992,https://boxd.it/29yE
2020-04-12,Jackie Brown,1997,https://boxd.it/2aVO
2020-04-12,Beauty and the Beast,1991,https://boxd.it/1XhG
2020-04-12,Back to the Future Part III,1990,https://boxd.it/2aTS
2020-04-12,The Fifth Element,1997,https://boxd.it/71k
2020-04-12,Independence Day,1996,https://boxd.it/2a1w
2020-04-12,L.A. Confidential,1997,https://boxd.it/27oC
2020-04-12,Fear and Loathing in Las Vegas,1998,https://boxd.it/27Xs
2020-04-12,Batman Returns,1992,https://boxd.it/2awa
2020-04-12,Jumanji,1995,https://boxd.it/1ZLI
2020-04-12,Braveheart,1995,https://boxd.it/2aTI
2020-04-12,Hercules,1997,https://boxd.it/1SDW
2020-04-12,Romeo + Juliet,1996,https://boxd.it/2ama
2020-04-12,Ghost in the Shell,1995,https://boxd.it/1YYc
2020-04-12,The Mask,1994,https://boxd.it/29rS
2020-04-12,From Dusk Till Dawn,1996,https://boxd.it/29HQ
2020-04-12,The Mummy,1999,https://boxd.it/2a7a
2020-04-12,Space Jam,1996,https://boxd.it/26YO
2020-04-12,Natural Born Killers,1994,https://boxd.it/2aNg
2020-04-12,Speed,1994,https://boxd.it/28qk
2020-04-12,Interview with the Vampire,1994,https://boxd.it/29XO
2020-04-12,Bram Stoker's Dracula,1992,https://boxd.it/223a
2020-04-12,The Godfather Part III,1990,https://boxd.it/2aN6
2020-04-12,Alien³,1992,https://boxd.it/20zS
2020-04-12,Sleepy Hollow,1999,https://boxd.it/26u0
2020-04-12,Mrs. Doubtfire,1993,https://boxd.it/29Cw
2020-04-12,Dumb and Dumber,1994,https://boxd.it/206m
2020-04-12,My Own Private Idaho,1991,https://boxd.it/2ak4
2020-04-12,Point Break,1991,https://boxd.it/2958
2020-04-12,Hook,1991,https://boxd.it/29nQ
2020-04-12,Face/Off,1997,https://boxd.it/29I0
2020-04-12,Ace Ventura: Pet Detective,1994,https://boxd.it/25RW
2020-04-12,"Lock, Stock and Two Smoking Barrels",1998,https://boxd.it/2b92
2020-04-12,Hocus Pocus,1993,https://boxd.it/1Wgi
2020-04-12,Mars Attacks!,1996,https://boxd.it/2bd4
2020-04-12,Blade,1998,https://boxd.it/1a8A
2020-04-12,The Addams Family,1991,https://boxd.it/267g
2020-04-12,Pi,1998,https://boxd.it/2ajq
2020-04-12,Armageddon,1998,https://boxd.it/2b9Q
2020-04-12,Cube,1997,https://boxd.it/2aoU
2020-04-12,Jerry Maguire,1996,https://boxd.it/1YNS
2020-04-12,Philadelphia,1993,https://boxd.it/1XMk
2020-04-12,"South Park: Bigger, Longer & Uncut",1999,https://boxd.it/1YAO
2020-04-12,Die Hard 2,1990,https://boxd.it/28zw
2020-04-12,GoldenEye,1995,https://boxd.it/29KU
2020-04-12,Alien Resurrection,1997,https://boxd.it/20zI
2020-04-12,Rush Hour,1998,https://boxd.it/27pU
2020-04-12,Cruel Intentions,1999,https://boxd.it/29Be
2020-04-12,Babe,1995,https://boxd.it/1Yh8
2020-04-12,The Rock,1996,https://boxd.it/1XM0
2020-04-12,Braindead,1992,https://boxd.it/29Gy
2020-04-12,True Lies,1994,https://boxd.it/19pq
2020-04-12,Con Air,1997,https://boxd.it/28gO
2020-04-12,Dances with Wolves,1990,https://boxd.it/2a4K
2020-04-12,The Devil's Advocate,1997,https://boxd.it/286k
2020-04-12,The Last of the Mohicans,1992,https://boxd.it/1YSo
2020-04-12,Primal Fear,1996,https://boxd.it/28ws
2020-04-12,Jingle All the Way,1996,https://boxd.it/1Z58
2020-04-12,Godzilla,1998,https://boxd.it/29fW
2020-04-12,Death Becomes Her,1992,https://boxd.it/1YQi
2020-04-12,I Know What You Did Last Summer,1997,https://boxd.it/2588
2020-04-12,Hoop Dreams,1994,https://boxd.it/1Opc
2020-04-12,Demolition Man,1993,https://boxd.it/1XVm
2020-04-12,Teenage Mutant Ninja Turtles,1990,https://boxd.it/28FY
2020-04-12,Air Force One,1997,https://boxd.it/1XQw
2020-04-12,The Faculty,1998,https://boxd.it/1Z5C
2020-04-12,Waterworld,1995,https://boxd.it/1XLG
2020-04-12,Cool Runnings,1993,https://boxd.it/29qg
2020-04-12,Hearts of Darkness: A Filmmaker's Apocalypse,1991,https://boxd.it/24ai
2020-04-12,Mortal Kombat,1995,https://boxd.it/1YZY
2020-04-12,Fantasia 2000,1999,https://boxd.it/ENG
2020-04-12,Robin Hood: Prince of Thieves,1991,https://boxd.it/20hu
2020-04-12,The Last Boy Scout,1991,https://boxd.it/1YYQ
2020-04-12,The Full Monty,1997,https://boxd.it/1YI4
2020-04-12,Judge Dredd,1995,https://boxd.it/1Yzm
2020-04-12,Indiana Jones and the Last Crusade,1989,https://boxd.it/2baO
2020-04-12,Ghostbusters,1984,https://boxd.it/g2w
2020-04-12,Back to the Future Part II,1989,https://boxd.it/2aYI
2020-04-12,Beetlejuice,1988,https://boxd.it/24QI
2020-04-12,The Little Mermaid,1989,https://boxd.it/1WYO
2020-04-12,The Goonies,1985,https://boxd.it/1YVC
2020-04-12,Rain Man,1988,https://boxd.it/2avw
2020-04-12,Who Framed Roger Rabbit,1988,https://boxd.it/29ry
2020-04-12,Top Gun,1986,https://boxd.it/29JC
2020-04-12,The Blues Brothers,1980,https://boxd.it/2adi
2020-04-12,Platoon,1986,https://boxd.it/29BS
2020-04-12,First Blood,1982,https://boxd.it/28U0
2020-04-12,Ghostbusters II,1989,https://boxd.it/261s
2020-04-12,The NeverEnding Story,1984,https://boxd.it/1dE0
2020-04-12,The Fox and the Hound,1981,https://boxd.it/1V0o
2020-04-12,"Honey, I Shrunk the Kids",1989,https://boxd.it/1YTw
2020-04-12,Tron,1982,https://boxd.it/2b9w
2020-04-13,Coraline,2009,https://boxd.it/1NhQ
2020-04-17,Swiss Army Man,2016,https://boxd.it/bDG2
2020-04-18,Eraser,1996,https://boxd.it/1Z6U
2020-04-18,Kindergarten Cop,1990,https://boxd.it/29dm
2020-04-18,Twins,1988,https://boxd.it/1YxK
2020-04-19,The A-Team,2010,https://boxd.it/1dHS
2020-04-22,Rocketman,2019,https://boxd.it/iehK
2020-04-24,Barry Lyndon,1975,https://boxd.it/25A2
2020-04-24,Spartacus,1960,https://boxd.it/29bq
2020-04-24,The Graduate,1967,https://boxd.it/18Im
2020-04-24,Dragged Across Concrete,2018,https://boxd.it/fAly
2020-05-09,Paths of Glory,1957,https://boxd.it/29b6
2020-06-19,Planet Earth II,2016,https://boxd.it/eS8g
2020-06-19,Blue Planet II,2017,https://boxd.it/gACc
2020-06-19,Schindler's List,1993,https://boxd.it/2aq2
2020-07-01,Brokeback Mountain,2005,https://boxd.it/2b2q
2020-07-03,A History of Violence,2005,https://boxd.it/2bfa
2020-07-03,A Dangerous Method,2011,https://boxd.it/IYo
2020-07-24,The Great Beauty,2013,https://boxd.it/5ty6
2020-07-29,Palm Springs,2020,https://boxd.it/lCXQ
2020-08-02,Mary Poppins,1964,https://boxd.it/2aoA
2020-08-02,The Umbrellas of Cherbourg,1964,https://boxd.it/22fK
2020-08-02,Wall Street,1987,https://boxd.it/1VFG
2020-08-02,I Stand Alone,1998,https://boxd.it/28Au
2020-08-02,Rocky,1976,https://boxd.it/28Uk
2020-08-02,Captain Fantastic,2016,https://boxd.it/b2K2
2020-08-02,Carrie,2013,https://boxd.it/4kC2
2020-08-12,Perfect Blue,1997,https://boxd.it/1W7A
2020-08-12,Vampire Hunter D: Bloodlust,2000,https://boxd.it/1L3i
2020-08-13,The Darjeeling Limited,2007,https://boxd.it/24as
2020-08-14,The Royal Tenenbaums,2001,https://boxd.it/1YHU
2020-08-16,Hereditary,2018,https://boxd.it/hNVe
2020-08-16,Blazing Saddles,1974,https://boxd.it/1UHQ
2020-08-23,C'est la Vie,2016,https://boxd.it/iXNm
2020-08-26,Amélie,2001,https://boxd.it/2aUc
2020-08-29,Stuart Little,1999,https://boxd.it/1WZW
2020-08-30,The Long Kiss Goodnight,1996,https://boxd.it/1TUa
2020-08-30,The Conformist,1970,https://boxd.it/20cE
2020-08-30,The Last Emperor,1987,https://boxd.it/29Ji
2020-09-01,Tenet,2020,https://boxd.it/leq4
2020-09-02,Thelma & Louise,1991,https://boxd.it/28Ew
2020-09-05,"Good Bye, Lenin!",2003,https://boxd.it/2ayA
2020-09-05,Tabarly,2008,https://boxd.it/kK8
2020-09-06,Alpha Dog,2006,https://boxd.it/20Va
2020-09-18,Apollo 11,2019,https://boxd.it/k4r0
2020-09-29,One Flew Over the Cuckoo's Nest,1975,https://boxd.it/2aeA
2020-10-04,Diego Maradona,2019,https://boxd.it/jyoS
2020-10-13,Rushmore,1998,https://boxd.it/1TAO
2020-10-13,Hotel Chevalier,2007,https://boxd.it/21Ic
2020-10-13,Castello Cavalcanti,2013,https://boxd.it/6WlM
2020-10-13,Bottle Rocket,1996,https://boxd.it/1PDa
2020-10-15,The Exorcist,1973,https://boxd.it/1Yoo
2020-10-15,Casper,1995,https://boxd.it/1ZMw
2020-10-23,The Trial of the Chicago 7,2020,https://boxd.it/kn3w
2020-10-29,Fright Night,2011,https://boxd.it/l1S
2020-10-31,Over the Garden Wall,2014,https://boxd.it/eqFw
2020-11-01,The Skeleton Dance,1929,https://boxd.it/374E
2020-11-01,A Nightmare on Elm Street,1984,https://boxd.it/2aw0
2020-11-02,The Monster Squad,1987,https://boxd.it/1Q1w
2020-11-08,Brüno,2009,https://boxd.it/1GSA
2020-11-08,Dave Chappelle's Block Party,2005,https://boxd.it/2aFw
2020-11-13,Cold War,2018,https://boxd.it/fEoc
2020-11-16,The Queen's Gambit,2020,https://boxd.it/s1Ym
2020-11-16,Godless,2017,https://boxd.it/hAyG
2020-11-22,Happy Death Day,2017,https://boxd.it/fDz4
2020-11-23,We Were Once a Fairytale,2009,https://boxd.it/3Bxm
2020-11-23,To Die By Your Side,2011,https://boxd.it/456U
2020-12-19,I'm Here,2010,https://boxd.it/19aA
2020-12-19,Wolfwalkers,2020,https://boxd.it/fGrC
2020-12-21,The Devil's Own,1997,https://boxd.it/24he
2020-12-25,Mank,2020,https://boxd.it/mIuC
2020-12-28,Ani*Kuri15: Good Morning,2007,https://boxd.it/fqQc
2021-01-03,Sound of Metal,2019,https://boxd.it/i7Q4
2021-01-04,The Hunt for Red October,1990,https://boxd.it/28lk
2021-01-06,The House That Jack Built,2018,https://boxd.it/dWO4
2021-01-11,Paprika,2006,https://boxd.it/23wW
2021-01-12,Mickey's Christmas Carol,1983,https://boxd.it/1NkU
2021-01-24,Howl's Moving Castle,2004,https://boxd.it/23De
2021-02-07,Hudson Hawk,1991,https://boxd.it/1Z32
2021-02-09,Hot Shots!,1991,https://boxd.it/1YhC
2021-02-10,Once Upon a Time in the West,1968,https://boxd.it/2az4
2021-02-12,Malcolm & Marie,2021,https://boxd.it/r5cO
2021-02-14,A Ghost Story,2017,https://boxd.it/fb0K
2021-02-25,Beasts of the Southern Wild,2012,https://boxd.it/2XPK
2021-03-03,Phantom Thread,2017,https://boxd.it/e4uc
2021-03-10,Wind River,2017,https://boxd.it/dR3i
2021-03-13,The Hunchback of Notre Dame,1996,https://boxd.it/1VZQ
2021-03-15,Atlantis: The Lost Empire,2001,https://boxd.it/1Vck
2021-03-21,Lethal Weapon 2,1989,https://boxd.it/29dQ
2021-04-07,Keep an Eye Out,2018,https://boxd.it/h1aY
2021-04-07,Steak,2007,https://boxd.it/GUO
2021-04-16,Twelve Monkeys,1995,https://boxd.it/2beQ
2021-04-18,Erin Brockovich,2000,https://boxd.it/2al2
2021-05-02,Nobody,2021,https://boxd.it/mLqS
2021-05-15,The King of Kong: A Fistful of Quarters,2007,https://boxd.it/1P2y
2021-05-15,The Mitchells vs. the Machines,2021,https://boxd.it/i7xm
2021-05-23,Lovelace,2013,https://boxd.it/2H7W
2021-05-26,Mandibles,2020,https://boxd.it/nHDK
2021-06-06,21 Grams,2003,https://boxd.it/2ajK
2021-06-06,The Rider,2017,https://boxd.it/gazw
2021-06-08,Songs My Brothers Taught Me,2015,https://boxd.it/9Thy
2021-06-24,The King of Comedy,1982,https://boxd.it/2aJS
2021-06-26,Nomadland,2020,https://boxd.it/lnRy
2021-07-06,The Father,2020,https://boxd.it/m8Ie
2021-07-13,Another Round,2020,https://boxd.it/lkba
2021-07-15,Titane,2021,https://boxd.it/nlQC
2021-07-16,Bo Burnham: Inside,2021,https://boxd.it/v2uy
2021-07-17,Heavy Metal,1981,https://boxd.it/1SZI
2021-07-19,Les Cowboys,2015,https://boxd.it/babk
2021-07-19,Junior,2011,https://boxd.it/9PtA
2021-07-25,The Babysitter: Killer Queen,2020,https://boxd.it/n4VA
2021-07-26,Kaamelott: The First Chapter,2021,https://boxd.it/lduY
2021-08-02,American Graffiti,1973,https://boxd.it/29us
2021-08-02,Double Indemnity,1944,https://boxd.it/297I
2021-08-05,Some Like It Hot,1959,https://boxd.it/2aNA
2021-08-05,L.A. Takedown,1989,https://boxd.it/1uKu
2021-08-12,Tangerine,2015,https://boxd.it/9QRe
2021-08-14,Starred Up,2013,https://boxd.it/6fRq
2021-08-23,Magnolia,1999,https://boxd.it/2aze
2021-08-30,Rio Bravo,1959,https://boxd.it/2aE4
2021-09-02,"OSS 117: Cairo, Nest of Spies",2006,https://boxd.it/1MIm
2021-09-03,Nikita,1990,https://boxd.it/1YYm
2021-09-03,The Big Blue,1988,https://boxd.it/2aX6
2021-09-04,Riders of Justice,2020,https://boxd.it/oHQc
2021-09-05,The Green Knight,2021,https://boxd.it/kuy2
2021-09-07,Dune,2021,https://boxd.it/fA7G
2021-09-11,Drive My Car,2021,https://boxd.it/sv94
2021-09-12,Blood Simple,1984,https://boxd.it/1U16
2021-09-18,Black Box,2021,https://boxd.it/oGm6
2021-09-20,The Last King of Scotland,2006,https://boxd.it/28FE
2021-09-20,The Mauritanian,2021,https://boxd.it/nWiM
2021-09-25,The Apartment,1960,https://boxd.it/2aGE
2021-09-26,The Invisible Guest,2016,https://boxd.it/euce
2021-10-04,The Chaser,2008,https://boxd.it/1PgU
2021-10-08,The Worst Person in the World,2021,https://boxd.it/oyws
2021-11-01,The Texas Chain Saw Massacre,1974,https://boxd.it/1lcS
2021-11-03,Hunt for the Wilderpeople,2016,https://boxd.it/cTgG
2021-11-10,Eternals,2021,https://boxd.it/j36o
2021-11-18,A Perfect Man,2015,https://boxd.it/asgK
2021-11-18,The Odyssey,2016,https://boxd.it/aXPG
2021-12-02,Ghostbusters: Afterlife,2021,https://boxd.it/f4Pw
2021-12-18,14 Peaks: Nothing Is Impossible,2021,https://boxd.it/xDcA
2021-12-21,King Richard,2021,https://boxd.it/mJZ2
2021-12-23,The Many Saints of Newark,2021,https://boxd.it/j356
2022-01-01,The Hand of God,2021,https://boxd.it/r5uI
2022-01-04,Crooks in Clover,1963,https://boxd.it/1w7E
2022-01-04,Trading Places,1983,https://boxd.it/28sK
2022-01-04,Michael Jackson's Thriller,1983,https://boxd.it/3e76
2022-01-04,Coming to America,1988,https://boxd.it/1Ygu
2022-01-04,Black Snake Moan,2006,https://boxd.it/20KQ
2022-01-06,Don't Look Up,2021,https://boxd.it/o0Hc
2022-01-09,Benedetta,2021,https://boxd.it/gdNQ
2022-01-10,Dead Set,2008,https://boxd.it/5ppu
2022-01-13,Licorice Pizza,2021,https://boxd.it/qTKY
2022-01-14,"tick, tick... BOOM!",2021,https://boxd.it/jz2e
2022-01-24,Pig,2021,https://boxd.it/nzoW
2022-01-26,Val,2021,https://boxd.it/vs5a
2022-02-03,Punch-Drunk Love,2002,https://boxd.it/20E4
2022-02-06,The Campaign,2012,https://boxd.it/2Hz2
2022-02-06,Driven,2018,https://boxd.it/iRsC
2022-02-06,Roman Holiday,1953,https://boxd.it/29zW
2022-02-07,The Untouchables,1987,https://boxd.it/2b6i
2022-02-08,Rear Window,1954,https://boxd.it/2a6Q
2022-02-11,Upgrade,2018,https://boxd.it/i4gW
2022-03-03,The Wannabes,2022,https://boxd.it/rNjk
2022-03-05,The Power of the Dog,2021,https://boxd.it/m99E
2022-03-08,Primal,2019,https://boxd.it/nJo8
2022-03-12,Belfast,2021,https://boxd.it/tefG
2022-03-14,Bandits,2001,https://boxd.it/25Aw
2022-03-16,Batman Begins,2005,https://boxd.it/2aIg
2022-03-22,Fresh,2022,https://boxd.it/tCNi
2022-03-28,"Someone, Somewhere",2019,https://boxd.it/lspO
2022-03-30,Little Vampire,2020,https://boxd.it/lIRY
2022-04-04,Dopesick,2021,https://boxd.it/xqJm
2022-04-05,Red Rocket,2021,https://boxd.it/sGpi
2022-04-09,Jungle Cruise,2021,https://boxd.it/g4YK
2022-04-09,Orphan,2009,https://boxd.it/1CgM
2022-04-11,Shot Caller,2017,https://boxd.it/bihA
2022-04-12,The Lincoln Lawyer,2011,https://boxd.it/DRM
2022-05-19,Final Cut,2022,https://boxd.it/waOe
2022-05-22,Rise,2022,https://boxd.it/sZ1Y
2022-05-29,Jackass 4.5,2022,https://boxd.it/vfTm
2022-06-02,Top Gun: Maverick,2022,https://boxd.it/cjr4
2022-06-06,Doctor Strange in the Multiverse of Madness,2022,https://boxd.it/gaTc
2022-06-16,My Name Is Nobody,1973,https://boxd.it/1YAE
2022-06-17,Ed Wood,1994,https://boxd.it/2adM
2022-06-21,Oblivion,2013,https://boxd.it/2Bzq
2022-06-25,Wheel of Fortune and Fantasy,2021,https://boxd.it/tWcm
2022-07-04,North of the Sun,2012,https://boxd.it/5bKy
2022-07-04,Wingmen,2015,https://boxd.it/ondu
2022-07-06,Decision to Leave,2022,https://boxd.it/qp9e
2022-07-11,The Summit of the Gods,2021,https://boxd.it/qFIu
2022-07-11,Loch Ness,1996,https://boxd.it/Chy
2022-07-21,Bill Burr: Live at Red Rocks,2022,https://boxd.it/Bslu
2022-07-21,Everything Everywhere All at Once,2022,https://boxd.it/jUk4
2022-07-22,The Sea Beast,2022,https://boxd.it/kv3a
2022-07-30,Against the Ice,2022,https://boxd.it/vwrE
2022-08-06,Thirteen Lives,2022,https://boxd.it/q7O4
2022-08-08,After Yang,2021,https://boxd.it/lx5a
2022-08-09,Loki,2021,https://boxd.it/sbHg
2022-08-12,Prey,2022,https://boxd.it/sNBU
2022-08-12,Portal: No Escape,2011,https://boxd.it/2mBG
2022-08-13,Nope,2022,https://boxd.it/sDCe
2022-08-14,Day Shift,2022,https://boxd.it/sn8W
2022-08-29,Star Wars: The Force Awakens,2015,https://boxd.it/4vru
2022-08-29,The Bodyguard,1992,https://boxd.it/29Z6
2022-08-31,Hard Eight,1996,https://boxd.it/20DU
2022-08-31,Ali,2001,https://boxd.it/205e
2022-08-31,The Keep,1983,https://boxd.it/1umW
2022-08-31,The Jericho Mile,1979,https://boxd.it/msU
2022-09-04,LIGHT & MAGIC,2022,https://boxd.it/C9RS
2022-09-07,Hustle,2022,https://boxd.it/qpig
2022-09-21,Cyberpunk: Edgerunners,2022,https://boxd.it/COP4
2022-09-22,The Stronghold,2021,https://boxd.it/nDHe
2022-09-22,The Connection,2014,https://boxd.it/5XHi
2022-09-24,X,2022,https://boxd.it/sxVa
2022-09-25,Athena,2022,https://boxd.it/waii
2022-09-27,Marcel the Shell with Shoes On,2021,https://boxd.it/wMAk
2022-09-28,It Boy,2013,https://boxd.it/5kkE
2022-10-10,Entergalactic,2022,https://boxd.it/CPN4
2022-10-10,The Redeem Team,2022,https://boxd.it/Cvz2
2022-10-11,Triangle of Sadness,2022,https://boxd.it/hXlq
2022-10-20,The Innocent,2022,https://boxd.it/yDo4
2022-10-28,"As Above, So Below",2014,https://boxd.it/7yui
2022-11-08,Copshop,2021,https://boxd.it/rIGe
2022-11-17,The Wonder,2022,https://boxd.it/v3uY
2022-11-20,Spirited,2022,https://boxd.it/nshk
2022-11-22,The Lives of Others,2006,https://boxd.it/2a4A
2022-12-11,Guillermo del Toro's Pinocchio,2022,https://boxd.it/kjMW
2022-12-12,Anima,2019,https://boxd.it/mxuc
2022-12-21,The Night of the 12th,2022,https://boxd.it/yQoG
2022-12-21,The Banshees of Inisherin,2022,https://boxd.it/p7XS
2022-12-23,November,2022,https://boxd.it/v3JO
2022-12-25,Smallfoot,2018,https://boxd.it/fUCE
2022-12-31,Aftersun,2022,https://boxd.it/Arw0
2023-01-01,Cloudy with a Chance of Meatballs,2009,https://boxd.it/1A40
2023-01-03,Avatar: The Way of Water,2022,https://boxd.it/2E2E
2023-01-04,The Year of the Shark,2022,https://boxd.it/vqQy
2023-01-10,The Menu,2022,https://boxd.it/lScm
2023-01-15,Babylon,2022,https://boxd.it/mM02
2023-01-23,The Fugitive,1993,https://boxd.it/230G
2023-01-29,"BARDO, False Chronicle of a Handful of Truths",2022,https://boxd.it/pAgy
2023-01-30,Dirty Dancing,1987,https://boxd.it/2baY
2023-01-31,Mare of Easttown,2021,https://boxd.it/u2h8
2023-02-06,Love at Second Sight,2019,https://boxd.it/kURO
2023-02-10,Prospect,2018,https://boxd.it/iijg
2023-02-11,The Hunt,2012,https://boxd.it/3wEC
2023-02-11,Kursk,2018,https://boxd.it/e5PU
2023-02-11,Psycho,1960,https://boxd.it/2ab2
2023-02-14,Creed III,2023,https://boxd.it/pf68
2023-02-16,Through the Fire,2018,https://boxd.it/hrdE
2023-02-19,The Beasts,2022,https://boxd.it/w1L6
2023-02-23,Adventures in Babysitting,1987,https://boxd.it/1Ofc
2023-02-23,Harry Potter and the Chamber of Secrets,2002,https://boxd.it/29QI
2023-02-23,Harry Potter and the Philosopher's Stone,2001,https://boxd.it/29QS
2023-02-23,Piranha 3D,2010,https://boxd.it/U5q
2023-03-03,Empire of Light,2022,https://boxd.it/uGpm
2023-03-05,Only the Brave,2017,https://boxd.it/dRqw
2023-03-05,The Dig,2017,https://boxd.it/hxqO
2023-03-13,TÁR,2022,https://boxd.it/uNIA
2023-03-13,Irreversible,2002,https://boxd.it/29as
2023-03-13,Carne,1991,https://boxd.it/28Ak
2023-03-29,The Taste of Others,2000,https://boxd.it/1VBY
2023-04-01,Adaptation.,2002,https://boxd.it/26mA
2023-04-06,The Three Musketeers: D'Artagnan,2023,https://boxd.it/tXF0
2023-04-10,BEEF,2023,https://boxd.it/FPsm
2023-04-11,Your Name.,2016,https://boxd.it/cUqs
2023-04-13,Grizzly Man,2005,https://boxd.it/2ag2
2023-04-15,Dungeons & Dragons: Honor Among Thieves,2023,https://boxd.it/hN1A
2023-04-17,Searching,2018,https://boxd.it/hDPg
2023-04-22,Weathering with You,2019,https://boxd.it/kPxE
2023-05-03,The Invisible Man,2020,https://boxd.it/kWlA
2023-05-04,Guardians of the Galaxy Vol. 3,2023,https://boxd.it/fVNI
2023-05-14,Air,2023,https://boxd.it/Arlc
2023-05-16,STILL: A Michael J. Fox Movie,2023,https://boxd.it/E37I
2023-05-16,"Oslo, August 31st",2011,https://boxd.it/2xQC
2023-05-19,To Catch a Killer,2023,https://boxd.it/mmKe
2023-05-20,Infernal Affairs,2002,https://boxd.it/1Vqw
2023-05-29,Perfect Days,2023,https://boxd.it/ATh8
2023-05-31,Final Set,2020,https://boxd.it/rRnq
2023-06-09,The Alpinist,2021,https://boxd.it/psEM
2023-06-14,Blackfish,2013,https://boxd.it/4Ym4
2023-06-17,"Paris, Texas",1984,https://boxd.it/29Ts
2023-07-03,The League of Extraordinary Gentlemen,2003,https://boxd.it/1ZVy
2023-07-16,Happy 50,2022,https://boxd.it/yUpo
2023-07-23,The Hunt,2020,https://boxd.it/iE9i
2023-07-25,The Deepest Breath,2023,https://boxd.it/E35i
2023-07-26,The Name of the Rose,1986,https://boxd.it/2aUw
2023-07-30,Mission: Impossible – Dead Reckoning,2023,https://boxd.it/l7zS
2023-07-31,War of the Buttons,1994,https://boxd.it/16bK
2023-08-02,Oppenheimer,2023,https://boxd.it/wUow
2023-08-04,Yannick,2023,https://boxd.it/G2es
2023-08-04,Asteroid City,2023,https://boxd.it/s3ds
2023-08-04,Gold Brick,2023,https://boxd.it/H78m
2023-08-05,Smoking Causes Coughing,2022,https://boxd.it/wVl4
2023-08-05,Femmes Fatales,1976,https://boxd.it/6QQ
2023-08-09,The Offer,2022,https://boxd.it/zeES
2023-08-18,A Streetcar Named Desire,1951,https://boxd.it/29Mc
2023-08-19,American Made,2017,https://boxd.it/bb66
2023-08-20,Breakfast at Tiffany's,1961,https://boxd.it/2aYS
2023-08-23,Gran Turismo,2023,https://boxd.it/B2lS
2023-08-29,Guy Ritchie's The Covenant,2023,https://boxd.it/xjcK
2023-09-12,Anatomy of a Fall,2023,https://boxd.it/yuDE
2023-09-15,Talk to Me,2022,https://boxd.it/C6uQ
2023-09-19,13 Hours: The Secret Soldiers of Benghazi,2016,https://boxd.it/9yzQ
2023-09-20,The Book of Solutions,2023,https://boxd.it/xx3i
2023-09-21,The 400 Blows,1959,https://boxd.it/2b1C
2023-09-22,Cléo from 5 to 7,1962,https://boxd.it/2agm
2023-09-28,The Wonderful Story of Henry Sugar,2023,https://boxd.it/yNyo
2023-09-29,Roadrunner: A Film About Anthony Bourdain,2021,https://boxd.it/nRb2
2023-10-02,Junkyard Dog,2023,https://boxd.it/A9H0
2023-10-05,3:10 to Yuma,2007,https://boxd.it/23g0
2023-10-05,Cop Land,1997,https://boxd.it/27ly
2023-10-10,The Creator,2023,https://boxd.it/oXWq
2023-10-11,Pirates of the Caribbean: Dead Man's Chest,2006,https://boxd.it/2bfk
2023-10-11,Pirates of the Caribbean: At World's End,2007,https://boxd.it/2aGu
2023-10-12,Columbus,2017,https://boxd.it/eCuA
2023-10-19,Y Tu Mamá También,2001,https://boxd.it/28QM
2023-10-19,Taxi Driver,1976,https://boxd.it/2b8y
2023-10-19,The Color of Money,1986,https://boxd.it/1SSM
2023-10-19,Michael Jackson: Bad,1987,https://boxd.it/bp7W
2023-10-20,Totally Killer,2023,https://boxd.it/AOpG
2023-10-23,Cape Fear,1991,https://boxd.it/28vu
2023-10-24,Planet Earth,2006,https://boxd.it/5Nx8
2023-10-25,King of New York,1990,https://boxd.it/1Ynq
2023-10-27,Bride of Frankenstein,1935,https://boxd.it/2aPc
2023-10-27,Young Frankenstein,1974,https://boxd.it/25To
2023-10-28,Peeping Tom,1960,https://boxd.it/1Utk
2023-10-28,Life Is Beautiful,1997,https://boxd.it/29Wm
2023-10-28,Ghosts of Mars,2001,https://boxd.it/1Xik
2023-10-28,Boy,2010,https://boxd.it/13RS
2023-10-30,Planet of the Apes,2001,https://boxd.it/29ps
2023-10-31,A Nightmare on Elm Street 3: Dream Warriors,1987,https://boxd.it/1X9W
2023-11-01,Two Lovers,2008,https://boxd.it/1Ws4
2023-11-01,The Hills Have Eyes,2006,https://boxd.it/1XNC
2023-11-01,40 Days and 40 Nights,2002,https://boxd.it/26no
2023-11-01,"Le Ciel, les Oiseaux et... ta mère !",1999,https://boxd.it/npC
2023-11-01,Once Upon a Time in the Oued,2005,https://boxd.it/aD2
2023-11-01,The Race,2002,https://boxd.it/MtY
2023-11-02,Killers of the Flower Moon,2023,https://boxd.it/gHp0
2023-11-02,Tremors,1990,https://boxd.it/1YSe
2023-11-04,Doctor Sleep,2019,https://boxd.it/i5vI
2023-11-05,The Fly,1986,https://boxd.it/1YIe
2023-11-05,Fright Night,1985,https://boxd.it/1T4e
2023-11-06,Sabrina,1954,https://boxd.it/21tc
2023-11-06,The Bridge on the River Kwai,1957,https://boxd.it/29wo
2023-11-06,Glengarry Glen Ross,1992,https://boxd.it/1Yw8
2023-11-06,Willy Wonka & the Chocolate Factory,1971,https://boxd.it/2aLu
2023-11-06,The Deer Hunter,1978,https://boxd.it/1T6O
2023-11-06,The Jungle Book,1967,https://boxd.it/1YY2
2023-11-06,Four Lions,2010,https://boxd.it/18do
2023-11-06,Senna,2010,https://boxd.it/kfE
2023-11-06,Real Steel,2011,https://boxd.it/147m
2023-11-06,Date Night,2010,https://boxd.it/2l5a
2023-11-07,Sly,2023,https://boxd.it/HlW6
2023-11-07,Come and See,1985,https://boxd.it/1w9q
2023-11-07,Funny Games,1997,https://boxd.it/1WKM
2023-11-07,The Others,2001,https://boxd.it/27Po
2023-11-09,Sink or Swim,2018,https://boxd.it/hqqM
2023-11-10,La Jetée,1962,https://boxd.it/29Sk
2023-11-12,Liar Liar,1997,https://boxd.it/28sg
2023-11-13,North by Northwest,1959,https://boxd.it/2aRM
2023-11-13,Memories,1995,https://boxd.it/Vz2
2023-11-13,Magnetic Rose,1995,https://boxd.it/DEsQ
2023-11-15,Witness for the Prosecution,1957,https://boxd.it/18H4
2023-11-16,Bend It Like Beckham,2002,https://boxd.it/2am0
2023-11-16,Band of Brothers,2001,https://boxd.it/aRNY
2023-11-17,Network,1976,https://boxd.it/1VqG
2023-11-18,Ran,1985,https://boxd.it/1Tlu
2023-11-18,Contagion,2011,https://boxd.it/13rq
2023-11-19,WarGames,1983,https://boxd.it/29qU
2023-11-22,Identity,2003,https://boxd.it/26e2
2023-11-22,Blow,2001,https://boxd.it/24Mm
2023-11-22,Hot Tub Time Machine,2010,https://boxd.it/1zIS
2023-11-22,The Whole Nine Yards,2000,https://boxd.it/27vS
2023-11-22,Butch Cassidy and the Sundance Kid,1969,https://boxd.it/29Vy
2023-11-24,The Specials,2019,https://boxd.it/lifa
2023-11-24,C'est la vie!,2017,https://boxd.it/fk34
2023-11-24,The Wolf's Call,2019,https://boxd.it/hqkE
2023-11-24,It's Only the End of the World,2016,https://boxd.it/be0K
2023-11-24,The World Is Yours,2018,https://boxd.it/iehq
2023-11-24,Mesrine: Killer Instinct,2008,https://boxd.it/1PKA
2023-11-24,Mesrine: Public Enemy #1,2008,https://boxd.it/1Mo2
2023-11-25,Starlet,2012,https://boxd.it/3dvG
2023-11-26,Monos,2019,https://boxd.it/eJGe
2023-11-26,Instant Family,2018,https://boxd.it/hHpQ
2023-11-26,Neighbors,2014,https://boxd.it/5Txe
2023-11-26,Daddy's Home,2015,https://boxd.it/8jSc
2023-11-28,Misery,1990,https://boxd.it/28gY
2023-11-30,Ace in the Hole,1951,https://boxd.it/1vXk
2023-12-01,We Own the Night,2007,https://boxd.it/27F4
2023-12-01,Jumper,2008,https://boxd.it/20ss
2023-12-01,Super,2010,https://boxd.it/QgO
2023-12-01,Man on Fire,2004,https://boxd.it/1Yvk
2023-12-01,The Fan,1996,https://boxd.it/1Ym8
2023-12-01,Porco Rosso,1992,https://boxd.it/1Tp2
2023-12-02,Wonka,2023,https://boxd.it/tCQm
2023-12-04,Kagemusha,1980,https://boxd.it/1SGG
2023-12-06,Love Actually,2003,https://boxd.it/2aeU
2023-12-08,The Blind Side,2009,https://boxd.it/1zWg
2023-12-08,From Up on Poppy Hill,2011,https://boxd.it/2VCa
2023-12-09,Spotlight,2015,https://boxd.it/a84k
2023-12-09,Pam & Tommy,2022,https://boxd.it/yMAy
2023-12-09,Elf,2003,https://boxd.it/1VyK
2023-12-10,Merry Little Batman,2023,https://boxd.it/wPy2
2023-12-10,Batman: Under the Red Hood,2010,https://boxd.it/11eE
2023-12-10,Mr. & Mrs. Smith,2005,https://boxd.it/29CG
2023-12-10,Hitting the Apex,2015,https://boxd.it/c6zY
2023-12-10,Alexander,2004,https://boxd.it/27K4
2023-12-10,The Wall,2017,https://boxd.it/eh1s
2023-12-11,The Animal Kingdom,2023,https://boxd.it/zzJk
2023-12-11,Song of the Sea,2014,https://boxd.it/3Ic6
2023-12-13,The Second Renaissance Part I,2003,https://boxd.it/1xOk
2023-12-13,The Second Renaissance Part II,2003,https://boxd.it/1xOa
2023-12-13,Kid's Story,2003,https://boxd.it/1wNg
2023-12-13,Program,2003,https://boxd.it/1wGk
2023-12-13,Matriculated,2003,https://boxd.it/1wHM
2023-12-13,The Animatrix,2003,https://boxd.it/qH0
2023-12-15,Euphoria: Trouble Don't Last Always,2020,https://boxd.it/ta4a
2023-12-16,Past Lives,2023,https://boxd.it/oNB8
2023-12-29,Jim & Andy: The Great Beyond,2017,https://boxd.it/gO36
2023-12-29,Phone Booth,2002,https://boxd.it/285G
2023-12-31,Black Rain,1989,https://boxd.it/24NY
2024-01-04,Ricky Gervais: Humanity,2018,https://boxd.it/ipiO
2024-01-04,Ricky Gervais: SuperNature,2022,https://boxd.it/AKvK
2024-01-05,Dream Scenario,2023,https://boxd.it/v2h0
2024-01-06,Leave the World Behind,2023,https://boxd.it/re0i
2024-01-08,The Killing of a Sacred Deer,2017,https://boxd.it/dZ5G
2024-01-11,Society of the Snow,2023,https://boxd.it/y9aw
2024-01-15,Pawn Sacrifice,2014,https://boxd.it/7dlE
2024-01-16,Mars Express,2023,https://boxd.it/lATC
2024-01-16,Midnight Express,1978,https://boxd.it/1U7I
2024-01-23,Batman: Mask of the Phantasm,1993,https://boxd.it/1N6S
2024-01-24,May December,2023,https://boxd.it/vEE2
2024-01-25,Fallen Angels,1995,https://boxd.it/1UkW
2024-01-25,The Holdovers,2023,https://boxd.it/vHza
2024-01-27,The Iron Claw,2023,https://boxd.it/w5Pm
2024-01-31,Chungking Express,1994,https://boxd.it/1UDa
2024-01-31,Shaolin Soccer,2001,https://boxd.it/1T86
2024-01-31,Sideways,2004,https://boxd.it/1Y5c
2024-02-08,Daaaaaalí!,2023,https://boxd.it/DzQe
2024-02-10,Half Nelson,2006,https://boxd.it/20Ng
2024-02-11,Rope,1948,https://boxd.it/28yo
2024-02-12,French Fried Vacation 2,1979,https://boxd.it/1f02
2024-02-13,Dune: Part Two,2024,https://boxd.it/pUfA
2024-02-26,Treasure Planet,2002,https://boxd.it/1Znm
2024-03-06,House,1977,https://boxd.it/1vsm
2024-03-09,Dragon Ball Z: Fusion Reborn,1995,https://boxd.it/14sa
2024-03-12,Serpico,1973,https://boxd.it/1ZjE
2024-03-14,Burden of Dreams,1982,https://boxd.it/XGk
2024-03-18,Wall Street: Money Never Sleeps,2010,https://boxd.it/1eGm
2024-03-18,A Fish Called Wanda,1988,https://boxd.it/29YC
2024-03-19,Sympathy for Mr. Vengeance,2002,https://boxd.it/23WU
2024-03-25,Latin for All,2024,https://boxd.it/CvLM
2024-03-25,Five,2016,https://boxd.it/dh4a
2024-03-27,Dersu Uzala,1975,https://boxd.it/1XRO
2024-03-27,Heathers,1989,https://boxd.it/26x4
2024-03-29,Ferrari,2023,https://boxd.it/cEtq
2024-04-03,2046,2004,https://boxd.it/29tu
2024-04-06,The Believer,2001,https://boxd.it/24Qy
2024-04-06,Ryan Gosling: Hollywood's Demigod,2018,https://boxd.it/jvTe
2024-04-06,John Carter,2012,https://boxd.it/FQ2
2024-04-15,Road House,1989,https://boxd.it/1X0g
2024-04-16,Strange Days,1995,https://boxd.it/2aGO
2024-05-03,Baby Reindeer,2024,https://boxd.it/MwSa
2024-05-12,Challengers,2024,https://boxd.it/zld0
2024-05-13,La Classe américaine,1993,https://boxd.it/1KL4
2024-05-14,Human Traffic,1999,https://boxd.it/1Uz8
2024-05-22,The Second Act,2024,https://boxd.it/HW9q
2024-05-29,Furiosa: A Mad Max Saga,2024,https://boxd.it/tABk
2024-06-12,Savages,2012,https://boxd.it/2Tl2
2024-06-23,C.R.A.Z.Y.,2005,https://boxd.it/1TSI
2024-06-25,The Bikeriders,2023,https://boxd.it/C6Ym
2024-07-13,The Count of Monte Cristo,2024,https://boxd.it/F1Nk
2024-07-20,Lars and the Real Girl,2007,https://boxd.it/21tG
2024-07-23,Lady Snowblood,1973,https://boxd.it/26Fi
2024-07-31,Beyond the Infinite Two Minutes,2020,https://boxd.it/ujVk
2024-08-18,Alien: Romulus,2024,https://boxd.it/zGqO
2024-08-21,Don't Breathe,2016,https://boxd.it/9yzw
2024-08-22,American Movie,1999,https://boxd.it/1Oty
2024-08-23,The Curse,2023,https://boxd.it/IWYq
2024-08-24,Twilight Of The Warriors: Walled In,2025,https://boxd.it/yNla
2024-08-27,AVP: Alien vs. Predator,2004,https://boxd.it/2atU
2024-09-02,Go,1999,https://boxd.it/1YHA
2024-09-24,Election,1999,https://boxd.it/1YEc
2024-10-06,The Descendants,2011,https://boxd.it/4Ba
2024-10-06,Scary Movie 2,2001,https://boxd.it/24Cw
2024-10-06,Scary Movie 3,2003,https://boxd.it/24Be
2024-10-06,Innerspace,1987,https://boxd.it/26yQ
2024-10-07,Limbo,2021,https://boxd.it/lLRW
2024-10-09,About Time,2013,https://boxd.it/43bI
2024-10-10,The Grudge,2004,https://boxd.it/27Jq
2024-10-10,Evil Dead,2013,https://boxd.it/3GPq
2024-10-10,We Are Your Friends,2015,https://boxd.it/9AlG
2024-10-18,Awakenings,1990,https://boxd.it/1USu
2024-10-20,Woman of the Hour,2023,https://boxd.it/vuz2
2024-10-22,Coco,2017,https://boxd.it/bYJQ
2024-10-23,Beating Hearts,2024,https://boxd.it/AeF4
2024-10-31,Late Night with the Devil,2023,https://boxd.it/zo6G
2024-11-08,Anora,2024,https://boxd.it/Egcw
2024-11-19,Mission: Impossible III,2006,https://boxd.it/29cI
2024-11-19,Monsieur Aznavour,2024,https://boxd.it/BSGI
2024-11-19,DJ Mehdi: Made in France,2024,https://boxd.it/QkA2
2024-11-21,Flow,2024,https://boxd.it/v1Ei
2024-11-22,Terrifier 3,2024,https://boxd.it/D8tM
2024-11-27,Transformers One,2024,https://boxd.it/q7bc
2024-11-28,Heretic,2024,https://boxd.it/H1lY
2024-12-01,The Red Shoes,1948,https://boxd.it/1EXI
2024-12-03,High and Low,1963,https://boxd.it/1RSc
2024-12-23,A Different Man,2024,https://boxd.it/BoEC
2025-01-03,"Girl, Interrupted",1999,https://boxd.it/25ds
2025-01-16,A Complete Unknown,2024,https://boxd.it/oBYa
2025-01-17,The Pianist,2002,https://boxd.it/2aqc
2025-01-19,Max & Leon,2016,https://boxd.it/dHV0
2025-01-19,The Beatles: Get Back,2021,https://boxd.it/xo7A
2025-01-19,The Last Dance,2020,https://boxd.it/pVfc
2025-01-19,James Acaster: Hecklers Welcome,2024,https://boxd.it/RlAE
2025-01-19,Wild Tales,2014,https://boxd.it/7UmK
2025-01-19,Over the Garden Wall 10th Anniversary Tribute,2024,https://boxd.it/QEDA
2025-02-02,Radiostars,2012,https://boxd.it/3rWm
2025-02-02,Sonic the Hedgehog,2020,https://boxd.it/gdK8
2025-02-11,Companion,2025,https://boxd.it/F04o
2025-02-21,The Brutalist,2024,https://boxd.it/k4BO
2025-02-24,Pirates of the Caribbean: Dead Men Tell No Tales,2017,https://boxd.it/5a9m
2025-02-27,A Real Pain,2024,https://boxd.it/CjNG
2025-02-28,Nebraska,2013,https://boxd.it/4exq
2025-02-28,Office Space,1999,https://boxd.it/28Em
2025-03-12,Swingers,1996,https://boxd.it/1WNc
2025-03-24,The Lost Weekend,1945,https://boxd.it/1pgE
2025-04-23,The Elephant Man,1980,https://boxd.it/27LQ
2025-05-13,The Station Agent,2003,https://boxd.it/27xu
2025-05-18,Elite Squad,2007,https://boxd.it/20YI
2025-05-24,Final Destination Bloodlines,2025,https://boxd.it/l5y4
2025-05-25,The Dinner Game,1998,https://boxd.it/1YJ2
2025-05-25,Fear City: A Family-Style Comedy,1994,https://boxd.it/1MOO
2025-05-25,Man Bites Dog,1992,https://boxd.it/1X7Q
2025-05-25,The Twelve Tasks of Asterix,1976,https://boxd.it/1YOG
2025-05-29,Didier,1997,https://boxd.it/17PQ
2025-05-31,Borgo,2023,https://boxd.it/Book
2025-06-04,Mountainhead,2025,https://boxd.it/Sskq
2025-06-09,The Professor,2018,https://boxd.it/gLm0
2025-06-14,Predator: Killer of Killers,2025,https://boxd.it/QYvQ
2025-06-20,Friendship,2024,https://boxd.it/L6Dc
2025-07-02,The Life of Chuck,2024,https://boxd.it/vMTu
2025-07-03,Chef,2014,https://boxd.it/6lCG
2025-07-14,Arnold,2023,https://boxd.it/Gylq
2025-07-21,Jurassic World Rebirth,2025,https://boxd.it/KUeE
2025-07-25,Dangerous Animals,2025,https://boxd.it/N3Qc
2025-07-29,The Marching Band,2024,https://boxd.it/BPIQ
2025-08-02,Bring Her Back,2025,https://boxd.it/Hxlc
2025-08-05,Beckham,2023,https://boxd.it/J31g
2025-08-09,The Way Way Back,2013,https://boxd.it/4Gwq
2025-09-07,Together,2025,https://boxd.it/LdFE
2025-09-07,Rebooted,2019,https://boxd.it/nhco
2025-09-16,Land of the Dead,2005,https://boxd.it/1Tfm
2025-09-18,Thunderbolts*,2025,https://boxd.it/BfbQ
2025-09-23,Road to Perdition,2002,https://boxd.it/24Lo
2025-09-27,Weapons,2025,https://boxd.it/EMTM
2025-09-29,One Battle After Another,2025,https://boxd.it/DUHM
2025-10-03,The Big Lebowski,1998,https://boxd.it/2b6C
2025-10-05,Eighth Grade,2018,https://boxd.it/hDMG
2025-10-07,Art Attack! The Dissection of Terrifier 3,2025,https://boxd.it/RQdc
2025-10-12,Hot Shots! Part Deux,1993,https://boxd.it/1Z90
2025-10-15,The Devil Wears Prada,2006,https://boxd.it/2awE
2025-10-15,Eenie Meanie,2025,https://boxd.it/HxdC
2025-10-25,Thank You for Smoking,2005,https://boxd.it/1YOc
2025-10-29,Carrie,1976,https://boxd.it/20ZQ
2025-10-30,Star Wars: Clone Wars,2003,https://boxd.it/SUlc
2025-11-03,The Smashing Machine,2025,https://boxd.it/syUC
2025-11-08,Giri/Haji,2019,https://boxd.it/rjk8
2025-11-10,When Harry Met Sally...,1989,https://boxd.it/29W2
2025-11-11,Rosemary's Baby,1968,https://boxd.it/29zM
2025-11-13,Now You See Me 2,2016,https://boxd.it/99fw
2025-11-16,Deathstalker,2025,https://boxd.it/LIkC
2025-11-16,Fire and Water: Making the Avatar Films,2025,https://boxd.it/YVNI
2025-11-18,Roofman,2025,https://boxd.it/LcIW
2025-11-20,Relay,2024,https://boxd.it/Faee
2025-11-25,The Sting,1973,https://boxd.it/1Z5s
2025-11-28,The Daytrippers,1996,https://boxd.it/F9i
2025-12-02,Stray Dog,1949,https://boxd.it/1ltu
2025-12-03,Lady and the Tramp,1955,https://boxd.it/1Wv8
2025-12-03,As Tears Go By,1988,https://boxd.it/1ybI
2025-12-10,Harakiri,1962,https://boxd.it/1NTU
2025-12-18,Task,2025,https://boxd.it/Xwl8
2025-12-23,Bugonia,2025,https://boxd.it/qeWY
2025-12-24,Train Dreams,2025,https://boxd.it/LdDo
2026-01-05,Singin' in the Rain,1952,https://boxd.it/29oY
2026-01-08,Green Street Hooligans,2005,https://boxd.it/1ZA6
2026-01-11,Before Sunset,2004,https://boxd.it/2bcg
2026-01-20,Dazed and Confused,1993,https://boxd.it/1Ylk
2026-01-25,A Summer's Tale,1996,https://boxd.it/183e
2026-01-25,Mishima: A Life in Four Chapters,1985,https://boxd.it/1sBA
2026-01-26,Streetwise,1984,https://boxd.it/XKw
2026-01-27,City on Fire,1987,https://boxd.it/XGY
2026-01-28,The Killer,1989,https://boxd.it/1Vha
